{"batting": {"COL": {"GP": 14.0, "AB": 471.0, "R": 77.0, "H": 126.0, "2B": 18.0, "3B": 2.0, "HR": 20.0, "RBI": 75.0, "TB": 208.0, "BB": 51.0, "SO": 112.0, "SB": 6.0, "AVG": 0.268, "OBP": 0.335, "SLG": 0.442, "OPS": 0.7759999999999999}, "CHW": {"GP": 15.0, "AB": 526.0, "R": 65.0, "H": 140.0, "2B": 24.0, "3B": 0.0, "HR": 19.0, "RBI": 58.0, "TB": 221.0, "BB": 41.0, "SO": 142.0, "SB": 4.0, "AVG": 0.266, "OBP": 0.326, "SLG": 0.42, "OPS": 0.746}, "KCR": {"GP": 16.0, "AB": 552.0, "R": 70.0, "H": 142.0, "2B": 35.0, "3B": 2.0, "HR": 20.0, "RBI": 68.0, "TB": 241.0, "BB": 31.0, "SO": 135.0, "SB": 11.0, "AVG": 0.257, "OBP": 0.304, "SLG": 0.43700000000000006, "OPS": 0.74}, "NYY": {"GP": 15.0, "AB": 463.0, "R": 76.0, "H": 118.0, "2B": 17.0, "3B": 0.0, "HR": 27.0, "RBI": 74.0, "TB": 216.0, "BB": 50.0, "SO": 127.0, "SB": 6.0, "AVG": 0.255, "OBP": 0.337, "SLG": 0.467, "OPS": 0.8029999999999999}, "SFG": {"GP": 16.0, "AB": 536.0, "R": 71.0, "H": 136.0, "2B": 24.0, "3B": 4.0, "HR": 18.0, "RBI": 68.0, "TB": 222.0, "BB": 47.0, "SO": 131.0, "SB": 5.0, "AVG": 0.254, "OBP": 0.317, "SLG": 0.414, "OPS": 0.731}, "NYM": {"GP": 15.0, "AB": 513.0, "R": 62.0, "H": 130.0, "2B": 18.0, "3B": 2.0, "HR": 16.0, "RBI": 61.0, "TB": 200.0, "BB": 58.0, "SO": 139.0, "SB": 8.0, "AVG": 0.253, "OBP": 0.342, "SLG": 0.39, "OPS": 0.732}, "BAL": {"GP": 14.0, "AB": 465.0, "R": 65.0, "H": 115.0, "2B": 29.0, "3B": 1.0, "HR": 21.0, "RBI": 63.0, "TB": 209.0, "BB": 44.0, "SO": 112.0, "SB": 7.0, "AVG": 0.247, "OBP": 0.321, "SLG": 0.449, "OPS": 0.77}, "PHI": {"GP": 8.0, "AB": 253.0, "R": 40.0, "H": 62.0, "2B": 10.0, "3B": 2.0, "HR": 12.0, "RBI": 36.0, "TB": 112.0, "BB": 38.0, "SO": 49.0, "SB": 2.0, "AVG": 0.245, "OBP": 0.34600000000000003, "SLG": 0.44299999999999995, "OPS": 0.789}, "BOS": {"GP": 14.0, "AB": 478.0, "R": 58.0, "H": 116.0, "2B": 27.0, "3B": 0.0, "HR": 18.0, "RBI": 54.0, "TB": 197.0, "BB": 41.0, "SO": 126.0, "SB": 3.0, "AVG": 0.243, "OBP": 0.31, "SLG": 0.41200000000000003, "OPS": 0.723}, "DET": {"GP": 12.0, "AB": 394.0, "R": 66.0, "H": 94.0, "2B": 17.0, "3B": 2.0, "HR": 21.0, "RBI": 62.0, "TB": 178.0, "BB": 35.0, "SO": 130.0, "SB": 3.0, "AVG": 0.239, "OBP": 0.307, "SLG": 0.452, "OPS": 0.759}, "CHC": {"GP": 13.0, "AB": 428.0, "R": 65.0, "H": 102.0, "2B": 21.0, "3B": 1.0, "HR": 19.0, "RBI": 61.0, "TB": 182.0, "BB": 47.0, "SO": 132.0, "SB": 3.0, "AVG": 0.23800000000000002, "OBP": 0.332, "SLG": 0.425, "OPS": 0.757}, "HOU": {"GP": 14.0, "AB": 508.0, "R": 74.0, "H": 120.0, "2B": 28.0, "3B": 2.0, "HR": 17.0, "RBI": 73.0, "TB": 203.0, "BB": 60.0, "SO": 118.0, "SB": 8.0, "AVG": 0.23600000000000002, "OBP": 0.325, "SLG": 0.4, "OPS": 0.725}, "WSN": {"GP": 11.0, "AB": 346.0, "R": 33.0, "H": 81.0, "2B": 17.0, "3B": 2.0, "HR": 9.0, "RBI": 32.0, "TB": 129.0, "BB": 25.0, "SO": 82.0, "SB": 3.0, "AVG": 0.23399999999999999, "OBP": 0.289, "SLG": 0.373, "OPS": 0.662}, "LAD": {"GP": 15.0, "AB": 526.0, "R": 81.0, "H": 123.0, "2B": 25.0, "3B": 3.0, "HR": 27.0, "RBI": 78.0, "TB": 235.0, "BB": 57.0, "SO": 114.0, "SB": 4.0, "AVG": 0.23399999999999999, "OBP": 0.32, "SLG": 0.447, "OPS": 0.767}, "MIA": {"GP": 9.0, "AB": 279.0, "R": 40.0, "H": 65.0, "2B": 11.0, "3B": 3.0, "HR": 11.0, "RBI": 37.0, "TB": 115.0, "BB": 29.0, "SO": 76.0, "SB": 6.0, "AVG": 0.233, "OBP": 0.31, "SLG": 0.41200000000000003, "OPS": 0.722}, "MIN": {"GP": 15.0, "AB": 482.0, "R": 76.0, "H": 112.0, "2B": 14.0, "3B": 0.0, "HR": 25.0, "RBI": 75.0, "TB": 201.0, "BB": 50.0, "SO": 123.0, "SB": 2.0, "AVG": 0.23199999999999998, "OBP": 0.312, "SLG": 0.41700000000000004, "OPS": 0.7290000000000001}, "SDP": {"GP": 15.0, "AB": 488.0, "R": 77.0, "H": 113.0, "2B": 22.0, "3B": 6.0, "HR": 23.0, "RBI": 75.0, "TB": 216.0, "BB": 57.0, "SO": 136.0, "SB": 20.0, "AVG": 0.23199999999999998, "OBP": 0.319, "SLG": 0.44299999999999995, "OPS": 0.762}, "ATL": {"GP": 15.0, "AB": 491.0, "R": 74.0, "H": 111.0, "2B": 29.0, "3B": 0.0, "HR": 19.0, "RBI": 72.0, "TB": 197.0, "BB": 53.0, "SO": 161.0, "SB": 8.0, "AVG": 0.226, "OBP": 0.306, "SLG": 0.401, "OPS": 0.7070000000000001}, "TOR": {"GP": 12.0, "AB": 406.0, "R": 36.0, "H": 90.0, "2B": 17.0, "3B": 1.0, "HR": 13.0, "RBI": 35.0, "TB": 148.0, "BB": 36.0, "SO": 98.0, "SB": 9.0, "AVG": 0.222, "OBP": 0.28300000000000003, "SLG": 0.365, "OPS": 0.647}, "SEA": {"GP": 16.0, "AB": 535.0, "R": 61.0, "H": 118.0, "2B": 27.0, "3B": 3.0, "HR": 13.0, "RBI": 58.0, "TB": 190.0, "BB": 50.0, "SO": 150.0, "SB": 16.0, "AVG": 0.221, "OBP": 0.294, "SLG": 0.355, "OPS": 0.649}, "STL": {"GP": 5.0, "AB": 157.0, "R": 18.0, "H": 34.0, "2B": 4.0, "3B": 2.0, "HR": 6.0, "RBI": 18.0, "TB": 60.0, "BB": 11.0, "SO": 44.0, "SB": 1.0, "AVG": 0.217, "OBP": 0.281, "SLG": 0.382, "OPS": 0.6629999999999999}, "ARI": {"GP": 15.0, "AB": 484.0, "R": 51.0, "H": 104.0, "2B": 27.0, "3B": 2.0, "HR": 8.0, "RBI": 48.0, "TB": 159.0, "BB": 45.0, "SO": 110.0, "SB": 2.0, "AVG": 0.215, "OBP": 0.29, "SLG": 0.32899999999999996, "OPS": 0.619}, "OAK": {"GP": 15.0, "AB": 483.0, "R": 64.0, "H": 103.0, "2B": 13.0, "3B": 3.0, "HR": 18.0, "RBI": 62.0, "TB": 176.0, "BB": 65.0, "SO": 154.0, "SB": 8.0, "AVG": 0.213, "OBP": 0.319, "SLG": 0.364, "OPS": 0.684}, "LAA": {"GP": 15.0, "AB": 508.0, "R": 69.0, "H": 107.0, "2B": 19.0, "3B": 2.0, "HR": 23.0, "RBI": 68.0, "TB": 199.0, "BB": 63.0, "SO": 129.0, "SB": 5.0, "AVG": 0.21100000000000002, "OBP": 0.302, "SLG": 0.392, "OPS": 0.6940000000000001}, "MIL": {"GP": 12.0, "AB": 395.0, "R": 43.0, "H": 83.0, "2B": 16.0, "3B": 1.0, "HR": 10.0, "RBI": 43.0, "TB": 131.0, "BB": 45.0, "SO": 132.0, "SB": 3.0, "AVG": 0.21, "OBP": 0.305, "SLG": 0.332, "OPS": 0.636}, "PIT": {"GP": 15.0, "AB": 506.0, "R": 63.0, "H": 106.0, "2B": 16.0, "3B": 1.0, "HR": 15.0, "RBI": 60.0, "TB": 169.0, "BB": 43.0, "SO": 127.0, "SB": 5.0, "AVG": 0.209, "OBP": 0.273, "SLG": 0.33399999999999996, "OPS": 0.607}, "TBR": {"GP": 15.0, "AB": 464.0, "R": 61.0, "H": 95.0, "2B": 26.0, "3B": 5.0, "HR": 11.0, "RBI": 57.0, "TB": 164.0, "BB": 62.0, "SO": 141.0, "SB": 3.0, "AVG": 0.205, "OBP": 0.304, "SLG": 0.353, "OPS": 0.657}, "TEX": {"GP": 13.0, "AB": 411.0, "R": 42.0, "H": 83.0, "2B": 18.0, "3B": 3.0, "HR": 12.0, "RBI": 41.0, "TB": 143.0, "BB": 46.0, "SO": 106.0, "SB": 14.0, "AVG": 0.20199999999999999, "OBP": 0.287, "SLG": 0.348, "OPS": 0.635}, "CIN": {"GP": 15.0, "AB": 464.0, "R": 64.0, "H": 93.0, "2B": 20.0, "3B": 1.0, "HR": 21.0, "RBI": 63.0, "TB": 178.0, "BB": 65.0, "SO": 125.0, "SB": 7.0, "AVG": 0.2, "OBP": 0.314, "SLG": 0.384, "OPS": 0.6970000000000001}, "CLE": {"GP": 16.0, "AB": 491.0, "R": 54.0, "H": 96.0, "2B": 10.0, "3B": 1.0, "HR": 13.0, "RBI": 49.0, "TB": 147.0, "BB": 70.0, "SO": 147.0, "SB": 2.0, "AVG": 0.196, "OBP": 0.308, "SLG": 0.299, "OPS": 0.607}}, "pitching": {"CLE": {"GP": 16.0, "W": 9.0, "L": 7.0, "ERA": 1.99, "SV": 6.0, "CG": 0.0, "SHO": 4.0, "QS": 14.0, "IP": 140.0, "H": 93.0, "ER": 31.0, "HR": 17.0, "BB": 31.0, "SO": 168.0, "OBA": 0.188, "WHIP": 0.89}, "LAD": {"GP": 15.0, "W": 10.0, "L": 5.0, "ERA": 2.56, "SV": 5.0, "CG": 0.0, "SHO": 1.0, "QS": 3.0, "IP": 137.0, "H": 102.0, "ER": 39.0, "HR": 14.0, "BB": 44.0, "SO": 135.0, "OBA": 0.20600000000000002, "WHIP": 1.07}, "OAK": {"GP": 15.0, "W": 11.0, "L": 4.0, "ERA": 2.7, "SV": 7.0, "CG": 0.0, "SHO": 1.0, "QS": 4.0, "IP": 140.0, "H": 113.0, "ER": 42.0, "HR": 8.0, "BB": 37.0, "SO": 133.0, "OBA": 0.218, "WHIP": 1.07}, "COL": {"GP": 14.0, "W": 11.0, "L": 3.0, "ERA": 2.88, "SV": 6.0, "CG": 0.0, "SHO": 1.0, "QS": 8.0, "IP": 125.0, "H": 96.0, "ER": 40.0, "HR": 11.0, "BB": 33.0, "SO": 108.0, "OBA": 0.209, "WHIP": 1.03}, "MIN": {"GP": 15.0, "W": 10.0, "L": 5.0, "ERA": 3.43, "SV": 6.0, "CG": 0.0, "SHO": 2.0, "QS": 4.0, "IP": 131.1, "H": 104.0, "ER": 50.0, "HR": 18.0, "BB": 47.0, "SO": 127.0, "OBA": 0.21600000000000003, "WHIP": 1.15}, "MIA": {"GP": 9.0, "W": 7.0, "L": 2.0, "ERA": 3.6, "SV": 5.0, "CG": 0.0, "SHO": 2.0, "QS": 1.0, "IP": 75.0, "H": 58.0, "ER": 30.0, "HR": 14.0, "BB": 33.0, "SO": 66.0, "OBA": 0.209, "WHIP": 1.21}, "MIL": {"GP": 12.0, "W": 5.0, "L": 7.0, "ERA": 3.7, "SV": 2.0, "CG": 0.0, "SHO": 2.0, "QS": 3.0, "IP": 107.0, "H": 84.0, "ER": 44.0,